question,Answer
How do I set up Google Pay?,"Download the Google Pay app from the Play Store or App Store, open it, and follow the on-screen instructions."
How do I add a card to Google Pay?,"Open the Google Pay app, tap 'Add a payment method,' and follow the instructions to add your card details."
How do I remove a card from Google Pay?,"Open the Google Pay app, select the card, and tap 'Remove.'"
How do I make a payment with Google Pay?,"Unlock your phone, hold it near the payment terminal, and follow the on-screen instructions."
How do I check my transaction history in Google Pay?,"Open the Google Pay app, go to the 'Activity' tab, and view your transaction history."
How do I send money using Google Pay?,"Open the Google Pay app, tap 'Send,' enter the recipient's details, and follow the instructions."
How do I receive money using Google Pay?,"Share your phone number or UPI ID with the sender, and the money will be transferred to your linked account."
How do I split a bill using Google Pay?,"Open the Google Pay app, select 'Split bill,' add participants, and enter the total amount to be split."
How do I use Google Pay for online purchases?,Select Google Pay as your payment method at checkout and follow the instructions.
How do I set up a UPI ID in Google Pay?,"Open the Google Pay app, go to 'Settings,' select 'Payment methods,' and follow the instructions to create a UPI ID."
How do I verify my bank account in Google Pay?,"Open the Google Pay app, go to 'Payment methods,' select your bank account, and follow the verification steps."
How do I update my card details in Google Pay?,"Open the Google Pay app, go to 'Payment methods,' select the card, and update the required details."
How do I link my bank account to Google Pay?,"Open the Google Pay app, go to 'Payment methods,' tap 'Add bank account,' and follow the instructions."
How do I enable contactless payments in Google Pay?,"Ensure NFC is enabled on your device, open the Google Pay app, and follow the instructions for contactless payments."
How do I disable contactless payments in Google Pay?,"Open the Google Pay app, go to 'Settings,' and turn off contactless payment options."
How do I set up recurring payments in Google Pay?,"Open the Google Pay app, go to 'Payments,' select 'Recurring payments,' and follow the instructions."
How do I cancel a recurring payment in Google Pay?,"Open the Google Pay app, go to 'Payments,' select the recurring payment, and tap 'Cancel.'"
How do I update my address in Google Pay?,"Open the Google Pay app, go to 'Settings,' select 'Personal info,' and update your address details."
How do I change my phone number in Google Pay?,"Open the Google Pay app, go to 'Settings,' select 'Personal info,' and update your phone number."
How do I contact Google Pay support?,"Open the Google Pay app, go to 'Help & feedback,' and select 'Contact us' for support options."
How do I use Google Pay for transit payments?,"Open the Google Pay app, add your transit card, and use it at supported transit locations."
How do I enable fingerprint authentication in Google Pay?,"Open the Google Pay app, go to 'Settings,' select 'Security,' and enable fingerprint authentication."
How do I disable fingerprint authentication in Google Pay?,"Open the Google Pay app, go to 'Settings,' select 'Security,' and disable fingerprint authentication."
How do I manage notifications in Google Pay?,"Open the Google Pay app, go to 'Settings,' select 'Notifications,' and customize your notification preferences."
How do I delete my Google Pay account?,"Open the Google Pay app, go to 'Settings,' select 'Close account,' and follow the instructions."
How do I report a lost or stolen card in Google Pay?,Contact your bank immediately and report the card as lost or stolen.
How do I secure my Google Pay account?,"Use strong passwords, enable two-factor authentication, and regularly monitor your account for suspicious activity."
How do I dispute a transaction in Google Pay?,"Open the Google Pay app, go to 'Activity,' select the transaction, and follow the steps to report an issue."
How do I get a refund through Google Pay?,"Contact the merchant directly to request a refund, or follow their refund process if available."
How do I set up Google Pay on a new device?,"Download the Google Pay app on your new device, sign in with your Google account, and follow the setup steps."
How do I check my Google Pay balance?,"Open the Google Pay app, go to 'Payment methods,' and view your linked account balance."
How do I add loyalty cards to Google Pay?,"Open the Google Pay app, go to 'Loyalty cards,' tap 'Add a loyalty card,' and follow the instructions."
How do I remove loyalty cards from Google Pay?,"Open the Google Pay app, go to 'Loyalty cards,' select the card, and tap 'Remove.'"
How do I manage gift cards in Google Pay?,"Open the Google Pay app, go to 'Gift cards,' and add, view, or remove gift cards as needed."
How do I view my Google Pay rewards?,"Open the Google Pay app, go to 'Rewards,' and view your available rewards and offers."
How do I redeem a Google Pay reward?,"Open the Google Pay app, go to 'Rewards,' select the reward, and follow the instructions to redeem it."
How do I invite friends to Google Pay?,"Open the Google Pay app, go to 'Invite friends,' and share your referral link with friends."
How do I check Google Pay referral status?,"Open the Google Pay app, go to 'Rewards,' and view the status of your referrals."
How do I link Google Pay to my Google account?,Sign in to the Google Pay app with your Google account to link it automatically.
How do I unlink Google Pay from my Google account?,"Open the Google Pay app, go to 'Settings,' and select 'Unlink account.'"
How do I use Google Pay with Google Assistant?,"Open the Google Assistant, say 'Send money,' and follow the on-screen instructions."
How do I use Google Pay with Google Home?,"Set up Google Pay on your Google Home device through the Google Home app, and follow the instructions."
How do I verify my identity in Google Pay?,"Open the Google Pay app, go to 'Settings,' select 'Verify identity,' and follow the instructions."
How do I update my personal information in Google Pay?,"Open the Google Pay app, go to 'Settings,' and update your personal information as needed."
How do I set up a Google Pay business account?,Visit the Google Pay for Business website and follow the instructions to create a business account.
How do I accept payments with Google Pay for Business?,"Open the Google Pay for Business app, set up your account, and start accepting payments."
How do I track business transactions in Google Pay?,"Open the Google Pay for Business app, go to 'Transactions,' and view your business transaction history."
How do I access Google Pay rewards for businesses?,"Open the Google Pay for Business app, go to 'Rewards,' and view available business rewards and offers."
How do I use Google Pay for peer-to-peer payments?,"Open the Google Pay app, select 'Send,' enter the recipient's details, and follow the instructions."
How do I set up Google Pay with my smartwatch?,"Ensure your smartwatch supports Google Pay, open the Google Pay app on the watch, and follow the setup steps."
How do I manage Google Pay security settings?,"Open the Google Pay app, go to 'Settings,' and customize your security settings as needed."
How do I enable notifications for transactions in Google Pay?,"Open the Google Pay app, go to 'Settings,' select 'Notifications,' and enable transaction notifications."
How do I disable notifications for transactions in Google Pay?,"Open the Google Pay app, go to 'Settings,' select 'Notifications,' and disable transaction notifications."
How do I change my default payment method in Google Pay?,"Open the Google Pay app, go to 'Payment methods,' and select 'Set as default' for your preferred method."
How do I enable Google Pay on a rooted device?,Google Pay does not support rooted devices for security reasons.
How do I set up Google Pay on an iPhone?,"Download the Google Pay app from the App Store, open it, and follow the on-screen instructions."
How do I enable dark mode in Google Pay?,"Open the Google Pay app, go to 'Settings,' and enable dark mode if available."
How do I disable dark mode in Google Pay?,"Open the Google Pay app, go to"
